/*
SQLyog Ultimate v12.09 (64 bit)
MySQL - 5.7.14 : Database - web_pedido
*********************************************************************
*/

/*!40101 SET NAMES utf8 */;

/*!40101 SET SQL_MODE=''*/;

/*!40014 SET @OLD_UNIQUE_CHECKS=@@UNIQUE_CHECKS, UNIQUE_CHECKS=0 */;
/*!40014 SET @OLD_FOREIGN_KEY_CHECKS=@@FOREIGN_KEY_CHECKS, FOREIGN_KEY_CHECKS=0 */;
/*!40101 SET @OLD_SQL_MODE=@@SQL_MODE, SQL_MODE='NO_AUTO_VALUE_ON_ZERO' */;
/*!40111 SET @OLD_SQL_NOTES=@@SQL_NOTES, SQL_NOTES=0 */;
CREATE DATABASE /*!32312 IF NOT EXISTS*/`web_pedido` /*!40100 DEFAULT CHARACTER SET utf8 */;

USE `web_pedido`;

/*Table structure for table `cliente` */

DROP TABLE IF EXISTS `cliente`;

CREATE TABLE `cliente` (
  `idcliente` int(11) NOT NULL AUTO_INCREMENT,
  `codigo_cliente` varchar(45) NOT NULL,
  `nombre` varchar(45) NOT NULL,
  `nombre_cial` varchar(45) NOT NULL,
  `contacto` varchar(45) NOT NULL,
  `correo` varchar(45) NOT NULL,
  `vendedor` int(11) NOT NULL,
  `direccion` varchar(45) NOT NULL,
  `dimension0` int(11) DEFAULT NULL,
  `dimension1` int(11) DEFAULT NULL,
  `dimension2` int(11) DEFAULT NULL,
  `status` int(11) DEFAULT NULL,
  `fecha` datetime DEFAULT NULL,
  PRIMARY KEY (`idcliente`),
  KEY `vendedor_idx` (`vendedor`)
) ENGINE=MyISAM AUTO_INCREMENT=82 DEFAULT CHARSET=utf8;

/*Data for the table `cliente` */

insert  into `cliente`(`idcliente`,`codigo_cliente`,`nombre`,`nombre_cial`,`contacto`,`correo`,`vendedor`,`direccion`,`dimension0`,`dimension1`,`dimension2`,`status`,`fecha`) values (1,'19322921','MEDICINA NUCLEAR DEL COUNTRY','CLINICA DEL COUNTRY','german ríos','gnuclear1@outlook.com ',25,'CR 16  84 A  09',NULL,1,NULL,1,'2017-06-24 17:41:25'),(2,'800016647','ASOCIACION NUCLEAR DIAGNOSTICA LTDA','','','',25,'CR 23  47 51 CT 506',NULL,1,NULL,1,'2017-06-24 17:41:25'),(3,'800065396L7','INSTITUTO DE DIAGNOSTICO MEDICO IDIME S.A.','SEDE LAGO - CLL 77 No 13 35','MARIA ISABEL RODRIGUEZ','',25,'CL 13 77 A 62',NULL,1,NULL,1,'2017-06-24 17:41:25'),(4,'800065396LC','INSTITUTO DE DIAGNOSTICO MEDICO IDIME S.A.','SEDE LA CAROLINA - TR 14 No 127 A 11 Local 10','','',25,'CARRERA 14 N 127  - 11',NULL,1,NULL,1,'2017-06-24 17:41:25'),(5,'800065396OCC','INSTITUTO DE DIAGNOSTICO MEDICO IDIME S.A.','SEDE OCCIDENTE: AV DE LAS AMERICAS No 69C - 9','','mnoccidente@idime.com.co',25,'AV AMERICAS 69 C 94 P 5',NULL,1,NULL,1,'2017-06-24 17:41:25'),(6,'800130480MN','CENTRO DE MEDICINA NUCLEAR DEL TOLIMA LTDA','CENTRO DE MEDICINA NUCLEAR DEL TOLIMA LTDA','Diego Ruiz','diego.ruiz@cmdeltolima.com ',26,'CR 1 A 12 84 IN 3 P IBAGUE',NULL,3,NULL,1,'2017-06-24 17:41:25'),(7,'800149384CC','CLINICA COLSANITAS S.A.','CLINICA UNIVERSITARIA COLOMBIA','','',25,'AV 68 CON AV LA ESPERANZA',NULL,1,NULL,1,'2017-06-24 17:41:25'),(8,'800149384RS','CLINICA COLSANITAS S.A.','CLINICA REINA SOFIA','','Vlombana@colsanitas.com',25,'CR 31 125 A 23',NULL,1,NULL,1,'2017-06-24 17:41:25'),(9,'800224466','BIONUCLEAR LIMITADA','','','',25,'AV 13  106 30  P2',NULL,1,NULL,1,'2017-06-24 17:41:25'),(10,'830005816','MEDICINA NUCLEAR DEL OCCIDENTE','','','',25,'AV AMERICAS 71 C 29',NULL,1,NULL,1,'2017-06-24 17:41:25'),(11,'830037741','FUNDACION ESENSA','fundacion esensa','Amelia de los Reyes','gamacamaracie@fundacionsaint.org',25,'AUT NORTE  114 10',NULL,1,NULL,1,'2017-06-24 17:41:25'),(12,'830040256C1','HOSPITAL MILITAR CENTRAL','HOSPITAL MILITAR CENTRAL','Dra. Liliana Gomez','mednuc.hmc@gmail.com',11,'TV 5  49 00',NULL,1,NULL,1,'2017-06-24 17:41:25'),(13,'830092718','DIAGNOSTICOS E IMAGENES LTDA','SANTA BIBIANA','','financiera@diagnosticoseimagenes.com',25,'AV 127  22 27  OF 501',NULL,1,NULL,1,'2017-06-24 17:41:25'),(14,'830092718OC','DIAGNOSTICOS E IMAGENES LTDA','TABORA','','auxiliarfacturacion@diagnosticoseimagenes.com',25,'AV 127  22 27  OF 501',NULL,1,NULL,1,'2017-06-24 17:41:25'),(15,'830135697MN','MEDICINA NUCLEAR PALERMO ORGANIZACION SANITAS','MEDICINA NUCLEAR','','spsanchez@colsanitas.com',25,'CR 23  47 51 P 1',NULL,1,NULL,1,'2017-06-24 17:41:25'),(16,'832010048','HOSPITAL CARDIOVASCULAR DEL NIÑO DE CUNDINAMA','','','',25,'CR 1 ES  31 58',NULL,1,NULL,1,'2017-06-24 17:41:25'),(17,'860002541MN','CLINICA DE MARLY S.A.','MEDICINA NUCLEAR','','',25,'CL 50  9 67',NULL,1,NULL,1,'2017-06-24 17:41:25'),(18,'860006656MN','FUNDACION ABOOD SHAIO','MEDICINA NUCLEAR','Ela Grondona','medicina.nuclear@shaio.org',25,'DG 115 A 70 C 75',NULL,1,NULL,1,'2017-06-24 17:41:25'),(19,'860007336','COLSUBSIDIO','','','',25,'CR 24  N 62 50',NULL,1,NULL,1,'2017-06-24 17:41:25'),(20,'860010783','CLINICA NUEVA','','','',25,'DG 45  16B 11',NULL,1,NULL,1,'2017-06-24 17:41:25'),(21,'860015536','HOSPITAL UNIVERSITARIO  DE SAN IGNACIO','HOSPITAL UNIVERSITARIO SAN IGANACIO','DRA. CERQUERA','husi.medicinanuclear@husi.org.co',25,'CR 7 40 62',NULL,1,NULL,1,'2017-06-24 17:41:25'),(22,'860015888','HOSPITAL CLINICA SAN RAFAEL','Clinica san Rafael','Jully Viviana Garzon','jvgarzon@clinicasanrafael.com.co',25,'CRA 8 17 45 SUR',NULL,1,NULL,1,'2017-06-24 17:41:25'),(23,'860035992MN','FUNDACION CARDIOINFANTIL','CL 163A   13B 60 BLOQUE A','','',25,'CL 163A   13B 60',NULL,1,NULL,1,'2017-06-24 17:41:25'),(24,'860035992MN2','FUNDACION CARDIOINFANTIL','CL 163A   13B 45 BLOQUE H','Sinai Arevalo','medicinanuclear@cardioinfantil.org',25,'CL 163A   13B 45 ',NULL,1,NULL,1,'2017-06-24 17:41:25'),(25,'860037950MN','FUNDACION SANTAFE DE BOGOTA','MEDICINA NUCLEAR','','',25,'CL 116  9 02',NULL,1,NULL,1,'2017-06-24 17:41:25'),(26,'899999017','HOSPITAL DE SAN JOSE','','','',25,'CL 10  18 75',NULL,1,NULL,1,'2017-06-24 17:41:25'),(27,'899999092','INSTITUTO NACIONAL DE CANCEROLOGIA E.S.E','PEDIDOS SIN CONTRATO','Nidia Delgado','ndelgado@cancer.gov.co',25,'CL 1  9 85',NULL,1,NULL,1,'2017-06-24 17:41:25'),(28,'900210981','CORPORACION HOSPITALARIA JUAN CIUDAD','','Enny Carolina Ariza García','proteccion.radiologica@mederi.com.com',25,'CL 66 A  44 25',NULL,1,NULL,1,'2017-06-24 17:41:25'),(29,'900291018MN','CLINICA LOS NOGALES SAS','CLINICA LOS NOGALES SAS','Raul Gonzalez','dianarf@clinicanogales.com',25,'TV 23 94A 39 BRR LA CASTELLANA',NULL,1,NULL,1,'2017-06-24 17:41:25'),(30,'890307200MN','CENTRO MEDICO IMBANACO DE CALI S.A.','IMBANACO','Javier Andrade','jandrade@imbanaco.com.co',24,'CRA 38 Bis 5 Bis 2 - 04',NULL,2,NULL,1,'2017-06-24 17:41:25'),(31,'890300513MN','CLINICA DE OCCIDENTE S.A.','CLINICA DE OCCIDENTE','Joanna VELASCO','tec.medicinanuclear@cdo-sa.com',24,'CL 18 N 5N 34',NULL,2,NULL,1,'2017-06-24 17:41:25'),(32,'900336524C6','POLICIA NACIONAL - DIRECCION DE SANIDAD - SEC','CONTRATO 81-8-201273-15','Lucia Lucero','lucia.lucero@correo.policia.gov.co',25,'KRA 59 21 21',NULL,1,NULL,1,'2017-06-24 17:41:25'),(33,'19322921AC','MEDICINA NUCLEAR DEL COUNTRY','ALMIRANTE COLON','GERMAN RIOS','gnuclear1@yahoo.com',25,'CR 16 84 A 09 CONS 420',NULL,1,NULL,1,'2017-06-24 17:41:25');

/*Table structure for table `dimension0` */

DROP TABLE IF EXISTS `dimension0`;

CREATE TABLE `dimension0` (
  `iddimension0` int(11) NOT NULL AUTO_INCREMENT COMMENT 'para la sucursal',
  `codigo` varchar(10) DEFAULT NULL,
  `nombre` varchar(30) DEFAULT NULL,
  PRIMARY KEY (`iddimension0`)
) ENGINE=InnoDB AUTO_INCREMENT=5 DEFAULT CHARSET=utf8;

/*Data for the table `dimension0` */

insert  into `dimension0`(`iddimension0`,`codigo`,`nombre`) values (1,'01','PRINCIPAL'),(2,'02','MEDELLIN'),(3,'03','BARRANQUILLA'),(4,'04','CALI');

/*Table structure for table `dimension1` */

DROP TABLE IF EXISTS `dimension1`;

CREATE TABLE `dimension1` (
  `iddimension1` int(11) NOT NULL AUTO_INCREMENT COMMENT 'PARA LAS REGIONES ID',
  `codigo` varchar(10) NOT NULL COMMENT 'CODIGO SAP',
  `nombre` varchar(30) NOT NULL COMMENT 'DESCRIPCION',
  PRIMARY KEY (`iddimension1`)
) ENGINE=MyISAM AUTO_INCREMENT=4 DEFAULT CHARSET=utf8;

/*Data for the table `dimension1` */

insert  into `dimension1`(`iddimension1`,`codigo`,`nombre`) values (1,'BOG','BOGOTA'),(2,'OCC','OCCIDENTE'),(3,'CEN','CENTRO');

/*Table structure for table `dimension2` */

DROP TABLE IF EXISTS `dimension2`;

CREATE TABLE `dimension2` (
  `iddimension2` int(11) NOT NULL AUTO_INCREMENT COMMENT 'PARA LAS UNIDADES DE NEGOCIO ID',
  `codigo` varchar(10) NOT NULL,
  `nombre` varchar(30) NOT NULL,
  PRIMARY KEY (`iddimension2`)
) ENGINE=MyISAM AUTO_INCREMENT=2 DEFAULT CHARSET=utf8;

/*Data for the table `dimension2` */

insert  into `dimension2`(`iddimension2`,`codigo`,`nombre`) values (1,'Mnuclear','Medicina Nuclear');

/*Table structure for table `grupo` */

DROP TABLE IF EXISTS `grupo`;

CREATE TABLE `grupo` (
  `idgrupo` int(11) NOT NULL AUTO_INCREMENT COMMENT 'id clasificacion de productos',
  `nombre` varchar(40) NOT NULL COMMENT 'descripcion',
  PRIMARY KEY (`idgrupo`)
) ENGINE=MyISAM AUTO_INCREMENT=16 DEFAULT CHARSET=utf8;

/*Data for the table `grupo` */

insert  into `grupo`(`idgrupo`,`nombre`) values (2,'UNIDOSIS Tc99m HMDP'),(3,'UNIDOSIS T99m MYOVIEW'),(5,'UNIDOSIS Tc99m HMPAO'),(6,'UNIDOSIS Tc99m'),(7,'UNIDOSIS Tc99m DTPA'),(8,'UNIDOSIS Tc99m DMSA'),(9,'UNIDOSIS Tc99m MAG-3'),(10,'UNIDOSIS Tc99m MAA'),(11,'PIROFOSFATOS'),(13,'UNIDOSIS Tc99m SESTAMIBI'),(15,'UNIDOSIS Tc99m NANOCOLOIDE');

/*Table structure for table `imagen` */

DROP TABLE IF EXISTS `imagen`;

CREATE TABLE `imagen` (
  `idimagen` int(11) NOT NULL AUTO_INCREMENT,
  `ruta` varchar(45) DEFAULT NULL,
  PRIMARY KEY (`idimagen`)
) ENGINE=MyISAM DEFAULT CHARSET=utf8;

/*Data for the table `imagen` */

/*Table structure for table `marca` */

DROP TABLE IF EXISTS `marca`;

CREATE TABLE `marca` (
  `idmarca` int(11) NOT NULL AUTO_INCREMENT,
  `codigo` int(11) DEFAULT NULL,
  `nombre` varchar(45) DEFAULT NULL,
  PRIMARY KEY (`idmarca`)
) ENGINE=MyISAM DEFAULT CHARSET=utf8;

/*Data for the table `marca` */

/*Table structure for table `pedidocab` */

DROP TABLE IF EXISTS `pedidocab`;

CREATE TABLE `pedidocab` (
  `idped` int(11) NOT NULL AUTO_INCREMENT,
  `fechavencimiento` date DEFAULT NULL,
  `cardcode` varchar(30) DEFAULT NULL,
  `cardname` varchar(100) DEFAULT NULL,
  `address` varchar(45) DEFAULT NULL,
  `doctime` time DEFAULT NULL,
  `salespersoncode` int(11) DEFAULT NULL,
  `pedidocabcol` varchar(45) DEFAULT NULL,
  `fecha` datetime DEFAULT NULL,
  PRIMARY KEY (`idped`)
) ENGINE=InnoDB DEFAULT CHARSET=utf8;

/*Data for the table `pedidocab` */

/*Table structure for table `pedidolin` */

DROP TABLE IF EXISTS `pedidolin`;

CREATE TABLE `pedidolin` (
  `idpedlin` int(11) NOT NULL,
  `idped` int(11) NOT NULL,
  `linenum` int(11) DEFAULT NULL,
  `itemcode` varchar(40) DEFAULT NULL,
  `itemdescription` varchar(200) DEFAULT NULL,
  `quantity` decimal(19,6) DEFAULT NULL,
  `shipdate` date DEFAULT NULL,
  `u_hora_cal` time DEFAULT NULL,
  `u_paciente` varchar(60) DEFAULT NULL,
  `u_cc_paciente` varchar(30) DEFAULT NULL,
  `freetext` varchar(45) DEFAULT NULL,
  `costingcode` varchar(10) DEFAULT NULL COMMENT 'dimension 0 sucursal',
  `cogscostingcode` varchar(10) DEFAULT NULL COMMENT 'dimension 0 sucursal',
  `cogscostingcode2` varchar(10) DEFAULT NULL COMMENT 'region dimension2',
  `cogscostingcode3` varchar(10) DEFAULT NULL COMMENT 'dimension 3 unidad de negocio',
  `u_apellido` varchar(30) DEFAULT NULL,
  `u_idpaciente` varchar(15) DEFAULT NULL,
  `u_via_administracion` varchar(12) DEFAULT NULL,
  `pedidolincol` varchar(45) DEFAULT NULL,
  PRIMARY KEY (`idpedlin`),
  KEY `fk_pedidolin_pedido_idx` (`idped`),
  CONSTRAINT `fk_pedidolin_pedido` FOREIGN KEY (`idped`) REFERENCES `pedidocab` (`idped`) ON DELETE NO ACTION ON UPDATE NO ACTION
) ENGINE=InnoDB DEFAULT CHARSET=utf8;

/*Data for the table `pedidolin` */

/*Table structure for table `persona` */

DROP TABLE IF EXISTS `persona`;

CREATE TABLE `persona` (
  `idpersona` int(11) NOT NULL AUTO_INCREMENT,
  `persona` varchar(45) DEFAULT NULL,
  `correo` varchar(45) DEFAULT NULL,
  `telefono` varchar(45) DEFAULT NULL,
  `idusuario` int(11) NOT NULL,
  `fecha` datetime DEFAULT NULL,
  PRIMARY KEY (`idpersona`)
) ENGINE=MyISAM DEFAULT CHARSET=utf8;

/*Data for the table `persona` */

/*Table structure for table `producto` */

DROP TABLE IF EXISTS `producto`;

CREATE TABLE `producto` (
  `idproducto` varchar(20) NOT NULL,
  `codigo_producto` varchar(45) DEFAULT NULL,
  `descripcion` varchar(100) DEFAULT NULL,
  `idmarca` int(11) DEFAULT NULL,
  `idgrupo` int(11) DEFAULT NULL,
  `iddimension0` int(11) DEFAULT NULL,
  `iddimension1` int(11) DEFAULT NULL,
  `iddimension2` int(11) DEFAULT NULL,
  `idunidades` int(11) DEFAULT NULL,
  `idimagen` int(11) DEFAULT NULL,
  `rango1` decimal(19,6) DEFAULT NULL,
  `rango2` decimal(19,6) DEFAULT NULL,
  `status` int(11) NOT NULL DEFAULT '1' COMMENT 'estado del registro',
  `fecha` datetime DEFAULT NULL,
  PRIMARY KEY (`idproducto`)
) ENGINE=MyISAM DEFAULT CHARSET=utf8;

/*Data for the table `producto` */

insert  into `producto`(`idproducto`,`codigo_producto`,`descripcion`,`idmarca`,`idgrupo`,`iddimension0`,`iddimension1`,`iddimension2`,`idunidades`,`idimagen`,`rango1`,`rango2`,`status`,`fecha`) values ('8','UDDTPA1mCi','UNIDOSIS TC99M  DTPA  1mCi',NULL,7,NULL,NULL,1,NULL,NULL,'0.100000','1.000000',1,'2017-06-24 16:11:33'),('13','UDDTPA3mCi','UNIDOSIS TC99M  DTPA  3mCi',NULL,7,NULL,NULL,1,NULL,NULL,'1.100000','3.000000',1,'2017-06-24 16:11:33'),('15','UDDTPA5mCi','UNIDOSIS TC99M  DTPA  5mCi',NULL,7,NULL,NULL,1,NULL,NULL,'3.100000','5.000000',1,'2017-06-24 16:11:33'),('138','UDNANO10mCi','UNIDOSIS TC99M  NANOCOLOIDE  10mCi',NULL,15,NULL,NULL,1,NULL,NULL,'8.100000','10.000000',1,'2017-06-24 16:11:33'),('137','UDNANO8mCi','UNIDOSIS TC99M  NANOCOLOIDE  8mCi',NULL,15,NULL,NULL,1,NULL,NULL,'5.100000','8.000000',1,'2017-06-24 16:11:33'),('51','UDMYOVIEW10mCi','TC99M-TETROFOSMIN MYOVIEW INY 10mCi UNID',NULL,3,NULL,NULL,1,NULL,NULL,'0.100000','10.000000',1,'2017-06-24 16:11:33'),('52','UDMYOVIEW12mCi','TC99M-TETROFOSMIN MYOVIEW INY 12mCi UNID',NULL,3,NULL,NULL,1,NULL,NULL,'10.100000','12.000000',1,'2017-06-24 16:11:33'),('53','UDMYOVIEW15mCi','TC99M-TETROFOSMIN MYOVIEW INY 15mCi UNID',NULL,3,NULL,NULL,1,NULL,NULL,'12.100000','15.000000',1,'2017-06-24 16:11:33'),('54','UDMYOVIEW20mCi','TC99M-TETROFOSMIN MYOVIEW INY 20mCi UNID',NULL,3,NULL,NULL,1,NULL,NULL,'15.100000','20.000000',1,'2017-06-24 16:11:33'),('55','UDMYOVIEW25mCi','TC99M-TETROFOSMIN MYOVIEW INY 25mCi UNID',NULL,3,NULL,NULL,1,NULL,NULL,'20.100000','25.000000',1,'2017-06-24 16:11:33'),('56','UDMYOVIEW30mCi','TC99M-TETROFOSMIN MYOVIEW INY 30mCi UNID',NULL,3,NULL,NULL,1,NULL,NULL,'25.100000','30.000000',1,'2017-06-24 16:11:33'),('57','UDSESTA10mCi','TC99M-SESTAMIBI  INY 10mCi UNID',NULL,13,NULL,NULL,1,NULL,NULL,'0.100000','10.000000',1,'2017-06-24 16:11:33'),('58','UDSESTA12mCi','TC99M-SESTAMIBI  INY 12mCi UNID',NULL,13,NULL,NULL,1,NULL,NULL,'10.100000','12.000000',1,'2017-06-24 16:11:33'),('59','UDSESTA15mCi','TC99M-SESTAMIBI  INY 15mCi UNID',NULL,13,NULL,NULL,1,NULL,NULL,'12.100000','15.000000',1,'2017-06-24 16:11:33'),('61','UDSESTA20mCi','TC99M-SESTAMIBI  INY 20mCi UNID',NULL,13,NULL,NULL,1,NULL,NULL,'15.100000','20.000000',1,'2017-06-24 16:11:33'),('62','UDSESTA25mCi','TC99M-SESTAMIBI  INY 25mCi UNID',NULL,13,NULL,NULL,1,NULL,NULL,'20.100000','25.000000',1,'2017-06-24 16:11:33'),('63','UDSESTA30mCi','TC99M-SESTAMIBI  INY 30mCi UNID',NULL,13,NULL,NULL,1,NULL,NULL,'25.100000','30.000000',1,'2017-06-24 16:11:33'),('66','UDCEREBRO1','TC99M-HMPAO CERETEC PROGR  CEREBRAL',NULL,5,NULL,NULL,1,NULL,NULL,'0.100000','25.000000',1,'2017-06-24 16:11:33'),('130','UDMAG3_8mCi','UNIDOSIS TC99M  MAG3  8mCi',NULL,9,NULL,NULL,1,NULL,NULL,'5.100000','8.000000',1,'2017-06-24 16:11:33'),('68','UDPERTECNETATO10mCi','TC99M-PERTECNETATO  INY 10mCi UNID',NULL,6,NULL,NULL,1,NULL,NULL,'0.100000','10.000000',1,'2017-06-24 16:11:33'),('70','UDPERTECNETATO15mCi','TC99M-PERTECNETATO  INY 15mCi UNID',NULL,6,NULL,NULL,1,NULL,NULL,'10.100000','15.000000',1,'2017-06-24 16:11:33'),('71','UDPERTECNETATO1mCi','TC99M-PERTECNETATO  INY 1mCi UNID',NULL,6,NULL,NULL,1,NULL,NULL,'0.100000','1.000000',1,'2017-06-24 16:11:33'),('72','UDPERTECNETATO20mCi','TC99M-PERTECNETATO  INY 20mCi UNID',NULL,6,NULL,NULL,1,NULL,NULL,'15.100000','20.000000',1,'2017-06-24 16:11:33'),('73','UDPERTECNETATO25mCi','TC99M-PERTECNETATO  INY 25mCi UNID',NULL,6,NULL,NULL,1,NULL,NULL,'20.100000','25.000000',1,'2017-06-24 16:11:33'),('93','UDDTPA30mCi','UNIDOSIS TC99M  DTPA  30mCi',NULL,7,NULL,NULL,1,NULL,NULL,'20.100000','30.000000',1,'2017-06-24 16:11:33'),('80','UDPERTECNETATO5mCi','TC99M-PERTECNETATO  INY 5mCi UNID',NULL,6,NULL,NULL,1,NULL,NULL,'1.100000','5.000000',1,'2017-06-24 16:11:33'),('85','UDDMSA3mCi','UNIDOSIS TC99M  DMSA  3mCi UNID',NULL,8,NULL,NULL,1,NULL,NULL,'1.100000','3.000000',1,'2017-06-24 16:11:33'),('87','UDDMSA5mCi','UNIDOSIS TC99M  DMSA  5mCi UNID',NULL,8,NULL,NULL,1,NULL,NULL,'3.000000','5.000000',1,'2017-06-24 16:11:33'),('90','UDMAA5mCi','UNIDOSIS TC99M  MAA  5mCi UNID',NULL,10,NULL,NULL,1,NULL,NULL,'0.100000','5.000000',1,'2017-06-24 16:11:33'),('91','UDMAA8mCi','UNIDOSIS TC99M  MAA  8mCi UNID',NULL,10,NULL,NULL,1,NULL,NULL,'5.100000','8.000000',1,'2017-06-24 16:11:33'),('92','UDMAA10mCi','UNIDOSIS TC99M  MAA  10mCi UNID',NULL,10,NULL,NULL,1,NULL,NULL,'8.100000','10.000000',1,'2017-06-24 16:11:33'),('94','UDDTPA10mCi','UNIDOSIS TC99M  DTPA  10mCi',NULL,7,NULL,NULL,1,NULL,NULL,'5.100000','10.000000',1,'2017-06-24 16:11:33'),('95','UDDTPA15mCi','UNIDOSIS TC99M  DTPA  15mCi',NULL,7,NULL,NULL,1,NULL,NULL,'10.100000','15.000000',1,'2017-06-24 16:11:33'),('96','UDDTPA20mCi','UNIDOSIS TC99M  DTPA  20mCi',NULL,7,NULL,NULL,1,NULL,NULL,'15.100000','20.000000',1,'2017-06-24 16:11:33'),('116','UDHMDP10mCi','UNIDOSIS TC99M  HMDP  10mCi',NULL,2,NULL,NULL,1,NULL,NULL,'5.100000','10.000000',1,'2017-06-24 16:11:33'),('117','UDHMDP15mCi','UNIDOSIS TC99M  HMDP  15mCi',NULL,2,NULL,NULL,1,NULL,NULL,'10.100000','15.000000',1,'2017-06-24 16:11:33'),('118','UDHMDP20mCi','UNIDOSIS TC99M  HMDP  20mCi',NULL,2,NULL,NULL,1,NULL,NULL,'15.100000','20.000000',1,'2017-06-24 16:11:33'),('134','UDTECHIDA','UNIDOSIS TC99M TECHIDA',NULL,14,NULL,NULL,1,NULL,NULL,'0.100000','20.000000',1,'2017-06-24 16:11:33'),('133','UDPERTECNETATO30mCi','UNIDOSIS TC99M  TECNECIO  30mCi',NULL,6,NULL,NULL,1,NULL,NULL,'26.000000','30.000000',1,'2017-06-24 16:11:33'),('119','UDHMDP25mCi','UNIDOSIS TC99M  HMDP  25mCi',NULL,2,NULL,NULL,1,NULL,NULL,'20.100000','25.000000',1,'2017-06-24 16:11:33'),('105','UDDMSA1mCi','UNIDOSIS TC99M  DMSA  1mCi',NULL,8,NULL,NULL,1,NULL,NULL,'0.100000','1.000000',1,'2017-06-24 16:11:33'),('129','UDMAG3_10mCi','UNIDOSIS TC99M  MAG3  10mCi',NULL,9,NULL,NULL,1,NULL,NULL,'8.100000','10.000000',1,'2017-06-24 16:11:33'),('121','UDPYROFOSFATO','PIROFOSFATO',NULL,11,NULL,NULL,1,NULL,NULL,NULL,NULL,1,'2017-06-24 16:11:33'),('120','UDHMDP30mCi','UNIDOSIS TC99M  HMDP  30mCi',NULL,2,NULL,NULL,1,NULL,NULL,'25.100000','30.000000',1,'2017-06-24 16:11:33'),('115','UDHMDP5mCi','UNIDOSIS TC99M  HMDP  5mCi',NULL,2,NULL,NULL,1,NULL,NULL,'0.100000','5.000000',1,'2017-06-24 16:11:33'),('123','UDHYNICTOC20mCi','UNIDOSIS TC99M  OCTREOTIDE',NULL,1,NULL,NULL,1,NULL,NULL,'0.100000','20.000000',1,'2017-06-24 16:11:33'),('136','UDNANO5mCi','UNIDOSIS TC99M  NANOCOLOIDE  5mCi',NULL,15,NULL,NULL,1,NULL,NULL,'1.100000','5.000000',1,'2017-06-24 16:11:33'),('135','UDNANO1mCi','UNIDOSIS TC99M  NANOCOLOIDE  1mCi',NULL,15,NULL,NULL,1,NULL,NULL,'0.100000','1.000000',1,'2017-06-24 16:11:33'),('126','UDNANO5mCi','UNIDOSIS TC99M  NANOCOLOIDE  5mCi',NULL,12,NULL,NULL,1,NULL,NULL,'1.100000','5.000000',1,'2017-06-24 16:11:33'),('127','UDNANO8mCi','UNIDOSIS TC99M  NANOCOLOIDE  8mCi',NULL,12,NULL,NULL,1,NULL,NULL,'5.100000','8.000000',1,'2017-06-24 16:11:33'),('128','UDPERTECNETATO50mCi','UNIDOSIS TC99M  TECNECIO  50mCi',NULL,6,NULL,NULL,1,NULL,NULL,'50.000000','50.000000',1,'2017-06-24 16:11:33'),('131','UDMAG3_5mCi','UNIDOSIS TC99M  MAG3  5mCi',NULL,9,NULL,NULL,1,NULL,NULL,'3.100000','5.000000',1,'2017-06-24 16:11:33'),('132','UDMAG3_3mCi','UNIDOSIS TC99M  MAG3  3mCi',NULL,9,NULL,NULL,1,NULL,NULL,'0.100000','3.000000',1,'2017-06-24 16:11:33');

/*Table structure for table `rol` */

DROP TABLE IF EXISTS `rol`;

CREATE TABLE `rol` (
  `idrol` int(11) NOT NULL AUTO_INCREMENT COMMENT 'id de la tabla',
  `nombre` varchar(200) NOT NULL COMMENT 'nombre rol',
  PRIMARY KEY (`idrol`)
) ENGINE=InnoDB AUTO_INCREMENT=4 DEFAULT CHARSET=latin1;

/*Data for the table `rol` */

insert  into `rol`(`idrol`,`nombre`) values (1,'admin'),(2,'mastercustm'),(3,'cliente');

/*Table structure for table `unidades` */

DROP TABLE IF EXISTS `unidades`;

CREATE TABLE `unidades` (
  `idunidades` int(11) NOT NULL AUTO_INCREMENT,
  `codigo` varchar(5) DEFAULT NULL,
  `descripcion` varchar(45) DEFAULT NULL,
  PRIMARY KEY (`idunidades`)
) ENGINE=MyISAM DEFAULT CHARSET=utf8;

/*Data for the table `unidades` */

/*Table structure for table `usuario` */

DROP TABLE IF EXISTS `usuario`;

CREATE TABLE `usuario` (
  `idusuario` int(11) NOT NULL AUTO_INCREMENT,
  `idrol` int(11) NOT NULL COMMENT 'asocia a la tabla rol',
  `idcliente` int(11) NOT NULL,
  `usuario` varchar(45) NOT NULL,
  `password` varchar(45) NOT NULL,
  `iddimension0` int(11) DEFAULT NULL,
  `iddimension1` int(11) DEFAULT NULL,
  `iddimension2` int(11) DEFAULT NULL,
  `nombre` varchar(200) NOT NULL,
  `correo` varchar(200) DEFAULT NULL,
  `fecha` datetime DEFAULT NULL COMMENT 'T',
  PRIMARY KEY (`idusuario`)
) ENGINE=MyISAM AUTO_INCREMENT=60 DEFAULT CHARSET=utf8;

/*Data for the table `usuario` */

insert  into `usuario`(`idusuario`,`idrol`,`idcliente`,`usuario`,`password`,`iddimension0`,`iddimension1`,`iddimension2`,`nombre`,`correo`,`fecha`) values (50,3,28,'mederi2.selig','7c4a8d09ca3762af61e59520943dc26494f8941b',1,NULL,NULL,'Enny Carolina ARIZA GARCIA','enny.ariza@mederi.com.co','2017-06-24 18:28:28'),(2,3,18,'shaio.selig','7c4a8d09ca3762af61e59520943dc26494f8941b',1,NULL,NULL,'FUNDACION ABOOD SHAIO','jose.fajardo@shaio.org','2017-06-24 18:28:28'),(6,3,25,'fsb.selig','7c4a8d09ca3762af61e59520943dc26494f8941b',1,NULL,NULL,'FUNDACION SANTAFE DE BOGOTA','medicina.nuclear@fsfb.org.co','2017-06-24 18:28:28'),(7,3,8,'reinasofia.selig','7c4a8d09ca3762af61e59520943dc26494f8941b',1,NULL,NULL,'CLINICA REINA SOFIA','pacedeno@colsanitas.com','2017-06-24 18:28:28'),(8,3,21,'sanignacio.selig','7c4a8d09ca3762af61e59520943dc26494f8941b',1,NULL,NULL,'HOSPITAL UNIVERSITARIO  DE SAN IGNACIO','husi.medicinanuclear@husi.org.co','2017-06-24 18:28:28'),(9,3,5,'idimeocc.selig','7c4a8d09ca3762af61e59520943dc26494f8941b',1,NULL,NULL,'INSTITUTO DE DIAGNOSTICO MEDICO IDIME S.A.','sandra.penagos@idime.com.co','2017-06-24 18:28:28'),(10,3,23,'fci.selig','7c4a8d09ca3762af61e59520943dc26494f8941b',1,NULL,NULL,'FUNDACION CARDIOINFANTIL','medicinanuclear@cardioinfantil.org','2017-06-24 18:28:28'),(11,3,7,'cuc.selig','7c4a8d09ca3762af61e59520943dc26494f8941b',1,NULL,NULL,'CLINICA UNIVERSITARIA COLOMBIA','aprieto@colsanitas.com','2017-06-24 18:28:28'),(12,3,15,'palermo.selig','7c4a8d09ca3762af61e59520943dc26494f8941b',1,NULL,NULL,'MEDICINA NUCLEAR PALERMO ORGANIZACION SANITAS INTERNACIONAL S.A.S.','patrojas@colsanitas.com','2017-06-24 18:28:28'),(14,1,0,'logisticamn.selig','7c4a8d09ca3762af61e59520943dc26494f8941b',NULL,NULL,NULL,'Mariluz Prieto','mprieto@seligdecolombia.com','2017-06-24 18:28:28'),(15,1,0,'admin.selig','7c4a8d09ca3762af61e59520943dc26494f8941b',NULL,NULL,NULL,'Administrador','jcastellanos@seligdecolombia.com','2017-06-24 18:28:28'),(16,3,26,'sanjose.selig','7c4a8d09ca3762af61e59520943dc26494f8941b',1,NULL,NULL,'Leonardo Cadavid','medicina.nuclear@hospitaldesanjose.org.co','2017-06-24 18:28:28'),(17,3,17,'marly.selig','7c4a8d09ca3762af61e59520943dc26494f8941b',1,NULL,NULL,'Oscar Velez','mednuclear.secretaria@marly.com.co','2017-06-24 18:28:28'),(18,3,28,'mederi.selig','7c4a8d09ca3762af61e59520943dc26494f8941b',1,NULL,NULL,'Corporacion Hospitalaria Juan Ciudad','medicinanuclear@mederi.com.co','2017-06-24 18:28:28'),(19,3,19,'colsubsidio.selig','7c4a8d09ca3762af61e59520943dc26494f8941b',1,NULL,NULL,'Colsubsidio','medicinanuclear.calle63@colsubsidio.com','2017-06-24 18:28:28'),(20,3,22,'Sanrafael.selig','7c4a8d09ca3762af61e59520943dc26494f8941b',1,NULL,NULL,'Hospital clinica san rafael','amartinez@ordenhospitalaria.com.co','2017-06-24 18:28:28'),(21,3,2,'Asociacion.selig','7c4a8d09ca3762af61e59520943dc26494f8941b',1,NULL,NULL,'Asociacion Nuclear Diagnostica','asnucltda@gmail.com','2017-06-24 18:28:28'),(22,3,3,'idime77.selig','7c4a8d09ca3762af61e59520943dc26494f8941b',1,NULL,NULL,'IDIME CALLE 77','preparacionespet@idime.com.co','2017-06-24 18:28:28'),(59,3,31,'OCCIDENTE.SELIG','7c4a8d09ca3762af61e59520943dc26494f8941b',4,NULL,NULL,'Luz Mary','coordinacionadministrativa.gamagrafia@cdo-sa.com','2017-06-24 18:28:28'),(26,3,1,'country.selig','7c4a8d09ca3762af61e59520943dc26494f8941b',1,NULL,NULL,'German Rios','luzmaduva@hotmail.com','2017-06-24 18:28:28'),(27,3,11,'esensa.selig','7c4a8d09ca3762af61e59520943dc26494f8941b',1,NULL,NULL,'Fundacion Esensa','cuartocaliente.cie@esensa.org','2017-06-24 18:28:28'),(28,3,4,'carolina.selig','7c4a8d09ca3762af61e59520943dc26494f8941b',1,NULL,NULL,'Idime la Carolina','andrea.herranz@idime.com.co','2017-06-24 18:28:28'),(29,3,24,'fcim2.selig','7c4a8d09ca3762af61e59520943dc26494f8941b',1,NULL,NULL,'FUNDACION CARDIOINFANTIL','lhlancheros@cardioinfantil.org','2017-06-24 18:28:28'),(30,3,10,'mediocc.selig','7c4a8d09ca3762af61e59520943dc26494f8941b',1,NULL,NULL,'Andres Jose Chavez','menuoc@gmail.com','2017-06-24 18:28:28'),(48,3,29,'NOGALES1.SELIG','7c4a8d09ca3762af61e59520943dc26494f8941b',1,NULL,NULL,'Sara Milena VARGAS HERNANDEZ','saravh@clinicanogales.com','2017-06-24 18:28:28'),(51,3,2,'prueba.selig','7c4a8d09ca3762af61e59520943dc26494f8941b',4,NULL,NULL,'juan erasmo','juanerasmoc@yahoo.com','2017-06-24 18:28:28'),(42,1,0,'VentaSelig','7c4a8d09ca3762af61e59520943dc26494f8941b',NULL,NULL,NULL,'Gelver Duran','gduran@seligdecolombia.com','2017-06-24 18:28:28'),(58,3,32,'POLICIA1.SELIG','7c4a8d09ca3762af61e59520943dc26494f8941b',1,NULL,NULL,'HOCEN DEPAD-SEIMA','hocen.depad-seima@policia.gov.co','2017-06-24 18:28:28'),(46,3,33,'almirante.selig','7c4a8d09ca3762af61e59520943dc26494f8941b',1,NULL,NULL,'German Rios','gnuclear1@yahoo.com','2017-06-24 18:28:28'),(56,2,0,'master2.selig','7c4a8d09ca3762af61e59520943dc26494f8941b',NULL,NULL,NULL,'Tatiana CORTES','rguzman@seligdecolombia.com','2017-06-24 18:28:28'),(49,3,29,'NOGALES2.SELIG','7c4a8d09ca3762af61e59520943dc26494f8941b',1,NULL,NULL,'Yenny HERNANDEZ LUJAN','yennyhl@clinicanogales.com','2017-06-24 18:28:28'),(52,3,2,'nuclear.calete','7c4a8d09ca3762af61e59520943dc26494f8941b',1,NULL,NULL,'Andres Suarez','webmaster@colservers.com','2017-06-24 18:28:28'),(53,3,30,'IMBANACO1.SELIG','7c4a8d09ca3762af61e59520943dc26494f8941b',4,NULL,NULL,'Maria Fernanda GUZMAN C','mnuclear.gammacamara@imbanaco.com.co','2017-06-24 18:28:28'),(54,3,30,'IMBANACO2.SELIG','7c4a8d09ca3762af61e59520943dc26494f8941b',4,NULL,NULL,'Johana VELASCO JARAMILLO','mnuclear.proteccion@imbanaco.com.co','2017-06-24 18:28:28'),(55,2,0,'master.selig','7c4a8d09ca3762af61e59520943dc26494f8941b',NULL,NULL,NULL,'Pendiente','supervisor_servicio@seligdecolombia.com','2017-06-24 18:28:28'),(57,2,0,'juancho.selig','7c4a8d09ca3762af61e59520943dc26494f8941b',NULL,NULL,NULL,'Juan Erasmo Castellanos','jerasmoc@yahoo.com','2017-06-24 18:28:28');

/*Table structure for table `usuario_producto` */

DROP TABLE IF EXISTS `usuario_producto`;

CREATE TABLE `usuario_producto` (
  `id_usu_pro` int(11) NOT NULL AUTO_INCREMENT,
  `idusuario` int(11) NOT NULL,
  `idproducto` int(11) NOT NULL,
  PRIMARY KEY (`id_usu_pro`)
) ENGINE=MyISAM AUTO_INCREMENT=1197 DEFAULT CHARSET=utf8;

/*Data for the table `usuario_producto` */

insert  into `usuario_producto`(`id_usu_pro`,`idusuario`,`idproducto`) values (1,2,8),(2,2,13),(3,2,15),(4,2,51),(5,2,52),(6,2,53),(7,2,54),(8,2,55),(9,2,56),(10,2,57),(11,2,58),(12,2,59),(13,2,61),(14,2,62),(15,2,63),(16,2,66),(17,2,68),(18,2,70),(19,2,71),(20,2,72),(21,2,73),(22,2,80),(23,2,85),(24,2,87),(25,2,90),(26,2,91),(27,2,92),(28,2,93),(29,2,94),(30,2,95),(31,2,96),(32,2,105),(33,2,115),(34,2,116),(35,2,117),(36,2,118),(37,2,119),(38,2,120),(39,2,121),(40,2,129),(41,2,130),(42,2,131),(43,2,132),(44,6,8),(45,6,13),(46,6,15),(47,6,51),(48,6,52),(49,6,53),(50,6,54),(51,6,55),(52,6,56),(53,6,57),(54,6,58),(55,6,59),(56,6,61),(57,6,62),(58,6,63),(59,6,66),(60,6,68),(61,6,70),(62,6,71),(63,6,72),(64,6,73),(65,6,80),(66,6,85),(67,6,87),(68,6,90),(69,6,91),(70,6,92),(71,6,93),(72,6,94),(73,6,95),(74,6,96),(75,6,105),(76,6,115),(77,6,116),(78,6,117),(79,6,118),(80,6,119),(81,6,120),(82,6,121),(83,6,129),(84,6,130),(85,6,131),(86,6,132),(87,7,8),(88,7,13),(89,7,15),(90,7,51),(91,7,52),(92,7,53),(93,7,54),(94,7,55),(95,7,56),(96,7,57),(97,7,58),(98,7,59),(99,7,61),(100,7,62),(101,7,63),(102,7,66),(103,7,68),(104,7,70),(105,7,71),(106,7,72),(107,7,73),(108,7,80),(109,7,85),(110,7,87),(111,7,90),(112,7,91),(113,7,92),(114,7,93),(115,7,94),(116,7,95),(117,7,96),(118,7,105),(119,7,115),(120,7,116),(121,7,117),(122,7,118),(123,7,119),(124,7,120),(125,7,121),(126,7,129),(127,7,130),(128,7,131),(129,7,132),(130,8,8),(131,8,13),(132,8,15),(133,8,51),(134,8,52),(135,8,53),(136,8,54),(137,8,55),(138,8,56),(139,8,57),(140,8,58),(141,8,59),(142,8,61),(143,8,62),(144,8,63),(145,8,66),(146,8,68),(147,8,70),(148,8,71),(149,8,72),(150,8,73),(151,8,80),(152,8,85),(153,8,87),(154,8,90),(155,8,91),(156,8,92),(157,8,93),(158,8,94),(159,8,95),(160,8,96),(161,8,105),(162,8,115),(163,8,116),(164,8,117),(165,8,118),(166,8,119),(167,8,120),(168,8,121),(169,8,129),(170,8,130),(171,8,131),(172,8,132),(173,9,8),(174,9,13),(175,9,15),(176,9,51),(177,9,52),(178,9,53),(179,9,54),(180,9,55),(181,9,56),(182,9,57),(183,9,58),(184,9,59),(185,9,61),(186,9,62),(187,9,63),(188,9,66),(189,9,68),(190,9,70),(191,9,71),(192,9,72),(193,9,73),(194,9,80),(195,9,85),(196,9,87),(197,9,90),(198,9,91),(199,9,92),(200,9,93),(201,9,94),(202,9,95),(203,9,96),(204,9,105),(205,9,115),(206,9,116),(207,9,117),(208,9,118),(209,9,119),(210,9,120),(211,9,121),(212,9,129),(213,9,130),(214,9,131),(215,9,132),(216,10,8),(217,10,13),(218,10,15),(219,10,51),(220,10,52),(221,10,53),(222,10,54),(223,10,55),(224,10,56),(225,10,57),(226,10,58),(227,10,59),(228,10,61),(229,10,62),(230,10,63),(231,10,66),(232,10,68),(233,10,70),(234,10,71),(235,10,72),(236,10,73),(237,10,80),(238,10,85),(239,10,87),(240,10,90),(241,10,91),(242,10,92),(243,10,93),(244,10,94),(245,10,95),(246,10,96),(247,10,105),(248,10,115),(249,10,116),(250,10,117),(251,10,118),(252,10,119),(253,10,120),(254,10,121),(255,10,129),(256,10,130),(257,10,131),(258,10,132),(259,11,8),(260,11,13),(261,11,15),(262,11,51),(263,11,52),(264,11,53),(265,11,54),(266,11,55),(267,11,56),(268,11,57),(269,11,58),(270,11,59),(271,11,61),(272,11,62),(273,11,63),(274,11,66),(275,11,68),(276,11,70),(277,11,71),(278,11,72),(279,11,73),(280,11,80),(281,11,85),(282,11,87),(283,11,90),(284,11,91),(285,11,92),(286,11,93),(287,11,94),(288,11,95),(289,11,96),(290,11,105),(291,11,115),(292,11,116),(293,11,117),(294,11,118),(295,11,119),(296,11,120),(297,11,121),(298,11,129),(299,11,130),(300,11,131),(301,11,132),(302,12,8),(303,12,13),(304,12,15),(305,12,51),(306,12,52),(307,12,53),(308,12,54),(309,12,55),(310,12,56),(311,12,57),(312,12,58),(313,12,59),(314,12,61),(315,12,62),(316,12,63),(317,12,66),(318,12,68),(319,12,70),(320,12,71),(321,12,72),(322,12,73),(323,12,80),(324,12,85),(325,12,87),(326,12,90),(327,12,91),(328,12,92),(329,12,93),(330,12,94),(331,12,95),(332,12,96),(333,12,105),(334,12,115),(335,12,116),(336,12,117),(337,12,118),(338,12,119),(339,12,120),(340,12,121),(341,12,129),(342,12,130),(343,12,131),(344,12,132),(345,16,8),(346,16,13),(347,16,15),(348,16,51),(349,16,52),(350,16,53),(351,16,54),(352,16,55),(353,16,56),(354,16,57),(355,16,58),(356,16,59),(357,16,61),(358,16,62),(359,16,63),(360,16,66),(361,16,68),(362,16,70),(363,16,71),(364,16,72),(365,16,73),(366,16,80),(367,16,85),(368,16,87),(369,16,90),(370,16,91),(371,16,92),(372,16,93),(373,16,94),(374,16,95),(375,16,96),(376,16,105),(377,16,115),(378,16,116),(379,16,117),(380,16,118),(381,16,119),(382,16,120),(383,16,121),(384,16,129),(385,16,130),(386,16,131),(387,16,132),(388,17,8),(389,17,13),(390,17,15),(391,17,51),(392,17,52),(393,17,53),(394,17,54),(395,17,55),(396,17,56),(397,17,57),(398,17,58),(399,17,59),(400,17,61),(401,17,62),(402,17,63),(403,17,66),(404,17,68),(405,17,70),(406,17,71),(407,17,72),(408,17,73),(409,17,80),(410,17,85),(411,17,87),(412,17,90),(413,17,91),(414,17,92),(415,17,93),(416,17,94),(417,17,95),(418,17,96),(419,17,105),(420,17,115),(421,17,116),(422,17,117),(423,17,118),(424,17,119),(425,17,120),(426,17,121),(427,17,129),(428,17,130),(429,17,131),(430,17,132),(431,18,8),(432,18,13),(433,18,15),(434,18,51),(435,18,52),(436,18,53),(437,18,54),(438,18,55),(439,18,56),(440,18,57),(441,18,58),(442,18,59),(443,18,61),(444,18,62),(445,18,63),(446,18,66),(447,18,68),(448,18,70),(449,18,71),(450,18,72),(451,18,73),(452,18,80),(453,18,85),(454,18,87),(455,18,90),(456,18,91),(457,18,92),(458,18,93),(459,18,94),(460,18,95),(461,18,96),(462,18,105),(463,18,115),(464,18,116),(465,18,117),(466,18,118),(467,18,119),(468,18,120),(469,18,121),(470,18,129),(471,18,130),(472,18,131),(473,18,132),(474,19,8),(475,19,13),(476,19,15),(477,19,51),(478,19,52),(479,19,53),(480,19,54),(481,19,55),(482,19,56),(483,19,57),(484,19,58),(485,19,59),(486,19,61),(487,19,62),(488,19,63),(489,19,66),(490,19,68),(491,19,70),(492,19,71),(493,19,72),(494,19,73),(495,19,80),(496,19,85),(497,19,87),(498,19,90),(499,19,91),(500,19,92),(501,19,93),(502,19,94),(503,19,95),(504,19,96),(505,19,105),(506,19,115),(507,19,116),(508,19,117),(509,19,118),(510,19,119),(511,19,120),(512,20,8),(513,20,13),(514,20,15),(515,20,51),(516,20,52),(517,20,53),(518,20,54),(519,20,55),(520,20,56),(521,20,57),(522,20,58),(523,20,59),(524,20,61),(525,20,62),(526,20,63),(527,20,66),(528,20,68),(529,20,70),(530,20,71),(531,20,72),(532,20,73),(533,20,80),(534,20,85),(535,20,87),(536,20,90),(537,20,91),(538,20,92),(539,20,93),(540,20,94),(541,20,95),(542,20,96),(543,20,105),(544,20,115),(545,20,116),(546,20,117),(547,20,118),(548,20,119),(549,20,120),(550,20,121),(551,20,129),(552,20,130),(553,20,131),(554,20,132),(555,21,8),(556,21,13),(557,21,15),(558,21,51),(559,21,52),(560,21,53),(561,21,54),(562,21,55),(563,21,56),(564,21,57),(565,21,58),(566,21,59),(567,21,61),(568,21,62),(569,21,63),(570,21,66),(571,21,68),(572,21,70),(573,21,71),(574,21,72),(575,21,73),(576,21,80),(577,21,85),(578,21,87),(579,21,90),(580,21,91),(581,21,92),(582,21,93),(583,21,94),(584,21,95),(585,21,96),(586,21,105),(587,21,115),(588,21,116),(589,21,117),(590,21,118),(591,21,119),(592,21,120),(593,21,121),(594,21,129),(595,21,130),(596,21,131),(597,21,132),(598,22,8),(599,22,13),(600,22,15),(601,22,51),(602,22,52),(603,22,53),(604,22,54),(605,22,55),(606,22,56),(607,22,57),(608,22,58),(609,22,59),(610,22,61),(611,22,62),(612,22,63),(613,22,66),(614,22,68),(615,22,70),(616,22,71),(617,22,72),(618,22,73),(619,22,80),(620,22,85),(621,22,87),(622,22,90),(623,22,91),(624,22,92),(625,22,93),(626,22,94),(627,22,95),(628,22,96),(629,22,105),(630,22,115),(631,22,116),(632,22,117),(633,22,118),(634,22,119),(635,22,120),(636,22,121),(637,22,129),(638,22,130),(639,22,131),(640,22,132),(641,26,8),(642,26,13),(643,26,15),(644,26,51),(645,26,52),(646,26,53),(647,26,54),(648,26,55),(649,26,56),(650,26,57),(651,26,58),(652,26,59),(653,26,61),(654,26,62),(655,26,63),(656,26,66),(657,26,68),(658,26,70),(659,26,71),(660,26,72),(661,26,73),(662,26,80),(663,26,85),(664,26,87),(665,26,90),(666,26,91),(667,26,92),(668,26,93),(669,26,94),(670,26,95),(671,26,96),(672,26,105),(673,26,115),(674,26,116),(675,26,117),(676,26,118),(677,26,119),(678,26,120),(679,26,121),(680,26,129),(681,26,130),(682,26,131),(683,26,132),(684,27,8),(685,27,13),(686,27,15),(687,27,51),(688,27,52),(689,27,53),(690,27,54),(691,27,55),(692,27,56),(693,27,57),(694,27,58),(695,27,59),(696,27,61),(697,27,62),(698,27,63),(699,27,66),(700,27,68),(701,27,70),(702,27,71),(703,27,72),(704,27,73),(705,27,80),(706,27,85),(707,27,87),(708,27,90),(709,27,91),(710,27,92),(711,27,93),(712,27,94),(713,27,95),(714,27,96),(715,27,105),(716,27,115),(717,27,116),(718,27,117),(719,27,118),(720,27,119),(721,27,120),(722,27,121),(723,27,129),(724,27,130),(725,27,131),(726,27,132),(727,28,8),(728,28,13),(729,28,15),(730,28,51),(731,28,52),(732,28,53),(733,28,54),(734,28,55),(735,28,56),(736,28,57),(737,28,58),(738,28,59),(739,28,61),(740,28,62),(741,28,63),(742,28,66),(743,28,68),(744,28,70),(745,28,71),(746,28,72),(747,28,73),(748,28,80),(749,28,85),(750,28,87),(751,28,90),(752,28,91),(753,28,92),(754,28,93),(755,28,94),(756,28,95),(757,28,96),(758,28,105),(759,28,115),(760,28,116),(761,28,117),(762,28,118),(763,28,119),(764,28,120),(765,28,121),(766,28,129),(767,28,130),(768,28,131),(769,28,132),(770,29,8),(771,29,13),(772,29,15),(773,29,51),(774,29,52),(775,29,53),(776,29,54),(777,29,55),(778,29,56),(779,29,57),(780,29,58),(781,29,59),(782,29,61),(783,29,62),(784,29,63),(785,29,66),(786,29,68),(787,29,70),(788,29,71),(789,29,72),(790,29,73),(791,29,80),(792,29,85),(793,29,87),(794,29,90),(795,29,91),(796,29,92),(797,29,93),(798,29,94),(799,29,95),(800,29,96),(801,29,105),(802,29,115),(803,29,116),(804,29,117),(805,29,118),(806,29,119),(807,29,120),(808,29,121),(809,29,123),(810,29,129),(811,29,130),(812,29,131),(813,29,132),(814,30,8),(815,30,13),(816,30,15),(817,30,51),(818,30,52),(819,30,53),(820,30,54),(821,30,55),(822,30,56),(823,30,57),(824,30,58),(825,30,59),(826,30,61),(827,30,62),(828,30,63),(829,30,66),(830,30,68),(831,30,70),(832,30,71),(833,30,72),(834,30,73),(835,30,80),(836,30,85),(837,30,87),(838,30,90),(839,30,91),(840,30,92),(841,30,93),(842,30,94),(843,30,95),(844,30,96),(845,30,105),(846,30,115),(847,30,116),(848,30,117),(849,30,118),(850,30,119),(851,30,120),(852,30,121),(853,30,129),(854,30,130),(855,30,131),(856,30,132),(857,46,8),(858,46,13),(859,46,15),(860,46,51),(861,46,52),(862,46,53),(863,46,54),(864,46,55),(865,46,56),(866,46,57),(867,46,58),(868,46,59),(869,46,61),(870,46,62),(871,46,63),(872,46,66),(873,46,68),(874,46,70),(875,46,71),(876,46,72),(877,46,73),(878,46,80),(879,46,85),(880,46,87),(881,46,90),(882,46,91),(883,46,92),(884,46,93),(885,46,94),(886,46,95),(887,46,96),(888,46,105),(889,46,115),(890,46,116),(891,46,117),(892,46,118),(893,46,119),(894,46,120),(895,46,121),(896,46,129),(897,46,130),(898,46,131),(899,46,132),(900,48,8),(901,48,13),(902,48,15),(903,48,51),(904,48,52),(905,48,53),(906,48,54),(907,48,55),(908,48,56),(909,48,57),(910,48,58),(911,48,59),(912,48,61),(913,48,62),(914,48,63),(915,48,66),(916,48,68),(917,48,70),(918,48,71),(919,48,72),(920,48,73),(921,48,80),(922,48,85),(923,48,87),(924,48,90),(925,48,91),(926,48,92),(927,48,93),(928,48,94),(929,48,95),(930,48,96),(931,48,105),(932,48,115),(933,48,116),(934,48,117),(935,48,118),(936,48,119),(937,48,120),(938,48,121),(939,48,129),(940,48,130),(941,48,131),(942,48,132),(943,49,8),(944,49,13),(945,49,15),(946,49,51),(947,49,52),(948,49,53),(949,49,54),(950,49,55),(951,49,56),(952,49,57),(953,49,58),(954,49,59),(955,49,61),(956,49,62),(957,49,63),(958,49,66),(959,49,68),(960,49,70),(961,49,71),(962,49,72),(963,49,73),(964,49,80),(965,49,85),(966,49,87),(967,49,90),(968,49,91),(969,49,92),(970,49,93),(971,49,94),(972,49,95),(973,49,96),(974,49,105),(975,49,115),(976,49,116),(977,49,117),(978,49,118),(979,49,119),(980,49,120),(981,49,121),(982,49,129),(983,49,130),(984,49,131),(985,49,132),(986,50,8),(987,50,13),(988,50,15),(989,50,51),(990,50,52),(991,50,53),(992,50,54),(993,50,55),(994,50,56),(995,50,57),(996,50,58),(997,50,59),(998,50,61),(999,50,62),(1000,50,63),(1001,50,66),(1002,50,68),(1003,50,70),(1004,50,71),(1005,50,72),(1006,50,73),(1007,50,80),(1008,50,85),(1009,50,87),(1010,50,90),(1011,50,91),(1012,50,92),(1013,50,93),(1014,50,94),(1015,50,95),(1016,50,96),(1017,50,105),(1018,50,115),(1019,50,116),(1020,50,117),(1021,50,118),(1022,50,119),(1023,50,120),(1024,50,121),(1025,50,129),(1026,50,130),(1027,50,131),(1028,50,132),(1029,53,8),(1030,53,13),(1031,53,15),(1032,53,51),(1033,53,52),(1034,53,53),(1035,53,54),(1036,53,55),(1037,53,56),(1038,53,57),(1039,53,58),(1040,53,59),(1041,53,61),(1042,53,62),(1043,53,63),(1044,53,66),(1045,53,68),(1046,53,70),(1047,53,71),(1048,53,72),(1049,53,73),(1050,53,80),(1051,53,85),(1052,53,87),(1053,53,90),(1054,53,91),(1055,53,92),(1056,53,93),(1057,53,94),(1058,53,95),(1059,53,96),(1060,53,105),(1061,53,115),(1062,53,116),(1063,53,117),(1064,53,118),(1065,53,119),(1066,53,120),(1067,53,121),(1068,53,124),(1069,53,125),(1070,53,126),(1071,53,127),(1072,53,129),(1073,53,130),(1074,53,131),(1075,53,132),(1076,53,134),(1077,54,8),(1078,54,13),(1079,54,15),(1080,54,51),(1081,54,52),(1082,54,53),(1083,54,54),(1084,54,55),(1085,54,56),(1086,54,57),(1087,54,58),(1088,54,59),(1089,54,61),(1090,54,62),(1091,54,63),(1092,54,66),(1093,54,68),(1094,54,70),(1095,54,71),(1096,54,72),(1097,54,73),(1098,54,80),(1099,54,85),(1100,54,87),(1101,54,90),(1102,54,91),(1103,54,92),(1104,54,93),(1105,54,94),(1106,54,95),(1107,54,96),(1108,54,105),(1109,54,115),(1110,54,116),(1111,54,117),(1112,54,118),(1113,54,119),(1114,54,120),(1115,54,121),(1116,54,124),(1117,54,125),(1118,54,126),(1119,54,127),(1120,54,129),(1121,54,130),(1122,54,131),(1123,54,132),(1124,58,8),(1125,58,13),(1126,58,15),(1127,58,51),(1128,58,52),(1129,58,57),(1130,58,58),(1131,58,66),(1132,58,68),(1133,58,71),(1134,58,80),(1135,58,85),(1136,58,87),(1137,58,90),(1138,58,91),(1139,58,93),(1140,58,94),(1141,58,95),(1142,58,96),(1143,58,105),(1144,58,116),(1145,58,117),(1146,58,118),(1147,58,119),(1148,58,121),(1149,59,8),(1150,59,13),(1151,59,15),(1152,59,51),(1153,59,52),(1154,59,53),(1155,59,54),(1156,59,55),(1157,59,56),(1158,59,57),(1159,59,58),(1160,59,59),(1161,59,61),(1162,59,62),(1163,59,63),(1164,59,66),(1165,59,68),(1166,59,70),(1167,59,71),(1168,59,72),(1169,59,73),(1170,59,80),(1171,59,85),(1172,59,87),(1173,59,90),(1174,59,91),(1175,59,92),(1176,59,93),(1177,59,94),(1178,59,95),(1179,59,96),(1180,59,105),(1181,59,115),(1182,59,116),(1183,59,117),(1184,59,118),(1185,59,119),(1186,59,120),(1187,59,121),(1188,59,124),(1189,59,125),(1190,59,126),(1191,59,127),(1192,59,128),(1193,59,129),(1194,59,130),(1195,59,131),(1196,59,132);

/*Table structure for table `vendedor` */

DROP TABLE IF EXISTS `vendedor`;

CREATE TABLE `vendedor` (
  `idvendedor` int(11) NOT NULL AUTO_INCREMENT,
  `codigo` int(11) NOT NULL,
  `nombre` varchar(45) NOT NULL,
  `correo` varchar(45) DEFAULT NULL,
  PRIMARY KEY (`idvendedor`)
) ENGINE=MyISAM AUTO_INCREMENT=27 DEFAULT CHARSET=utf8;

/*Data for the table `vendedor` */

insert  into `vendedor`(`idvendedor`,`codigo`,`nombre`,`correo`) values (1,4,'Allan Alberto ERAZO RODRIGUEZ','pedidos@seligdecolombia.com'),(2,6,'Rodolfo ARIAS CARRIAZO','pedidos@seligdecolombia.com'),(3,8,'Melba Janeth OSORIO QUIGUA','pedidos@seligdecolombia.com'),(4,9,'Diego Alejandro DIAZ LOPEZ','pedidos@seligdecolombia.com'),(5,11,'Gelver DURAN DURAN','pedidos@seligdecolombia.com'),(6,12,'SELIG - Dosimetria','pedidos@seligdecolombia.com'),(7,16,'Dora Adelaida BARRERA PARRA','pedidos@seligdecolombia.com'),(8,18,'Carlos ARIAS MORALES (MN)','pedidos@seligdecolombia.com'),(9,21,'Abogado','pedidos@seligdecolombia.com'),(10,22,'Conrado DELGADO','pedidos@seligdecolombia.com'),(11,29,'SELIG - Medicina Nuclear','pedidos@seligdecolombia.com'),(12,34,'Sabrina PINEDA ORTIZ','pedidos@seligdecolombia.com'),(13,36,'SELIG - Gastro Accesorios','pedidos@seligdecolombia.com'),(14,37,'Juan Felipe HERRERA ROMERO (MN)','pedidos@seligdecolombia.com'),(15,39,'Wilmer Johan ALDANA SAAVEDRA','pedidos@seligdecolombia.com'),(16,40,'Congresos y Eventos','pedidos@seligdecolombia.com'),(17,47,'Gehinner PARRA RODRIGUEZ','pedidos@seligdecolombia.com'),(18,50,'Maria Victoria GRANADOS','pedidos@seligdecolombia.com'),(19,51,'Paola RODRIGUEZ FAJARDO','pedidos@seligdecolombia.com'),(20,55,'Daniel Fernando GUEVARA','pedidos@seligdecolombia.com'),(21,57,'Contact Center','pedidos@seligdecolombia.com'),(22,63,'Nina Paola LAMPREA RODRIGUEZ','pedidos@seligdecolombia.com'),(23,66,'Miguel Angel RAMIREZ FONSECA','pedidos@seligdecolombia.com'),(24,80,'SELIG - Medicina Nuclear Occidente','pedidos@seligdecolombia.com'),(25,79,'SELIG - Medicina Nuclear Bogotá','pedidos@seligdecolombia.com'),(26,45,'SELIG - Medicina Nuclear Centro','pedidos@seligdecolombia.com');

/* Function  structure for function  `initcap` */

/*!50003 DROP FUNCTION IF EXISTS `initcap` */;
DELIMITER $$

/*!50003 CREATE DEFINER=`root`@`localhost` FUNCTION `initcap`(cadena VARCHAR(100)) RETURNS varchar(100) CHARSET latin1
BEGIN 
DECLARE pos INT DEFAULT 0; 
DECLARE tmp VARCHAR(100) DEFAULT ''; 
DECLARE result VARCHAR(100) DEFAULT ''; 
REPEAT SET pos = LOCATE(' ', cadena); 
 IF pos = 0 THEN SET pos = CHAR_LENGTH(cadena); 
 END IF; 
 SET tmp = LEFT(cadena,pos); 
 SET result = CONCAT(result, UPPER(LEFT(tmp,1)),SUBSTR(tmp,2)); 
 SET cadena = RIGHT(cadena,CHAR_LENGTH(cadena)-pos); 
UNTIL CHAR_LENGTH(cadena) = 0 END REPEAT; 
RETURN result; 
END */$$
DELIMITER ;

/*!40101 SET SQL_MODE=@OLD_SQL_MODE */;
/*!40014 SET FOREIGN_KEY_CHECKS=@OLD_FOREIGN_KEY_CHECKS */;
/*!40014 SET UNIQUE_CHECKS=@OLD_UNIQUE_CHECKS */;
/*!40111 SET SQL_NOTES=@OLD_SQL_NOTES */;
